0,1,2
"{'id': 'ZZthTufCTdxRV1uUdqvvTQ', 'url': 'https://www.yelp.com/biz/thursday-kitchen-new-york?adjust_creative=VYGm0sk0aHdKKGyXs5PMrA&hrid=ZZthTufCTdxRV1uUdqvvTQ&utm_campaign=yelp_api_v3&utm_medium=api_v3_business_reviews&utm_source=VYGm0sk0aHdKKGyXs5PMrA', 'text': 'BEST RESTAURANT IVE EVER BEEN TO. their edamame dumplings are to DIE FOR they melt in your mouth; i had to order a second round before we even finished the...', 'rating': 5, 'time_created': '2021-05-22 15:16:06', 'user': {'id': 'YrrKrV_kih75RJ7V6uSkhQ', 'profile_url': 'https://www.yelp.com/user_details?userid=YrrKrV_kih75RJ7V6uSkhQ', 'image_url': None, 'name': 'Kyra M.'}}","{'id': 'Cxtkbrv8nOh83haF4gf7qA', 'url': 'https://www.yelp.com/biz/thursday-kitchen-new-york?adjust_creative=VYGm0sk0aHdKKGyXs5PMrA&hrid=Cxtkbrv8nOh83haF4gf7qA&utm_campaign=yelp_api_v3&utm_medium=api_v3_business_reviews&utm_source=VYGm0sk0aHdKKGyXs5PMrA', 'text': ""I was really looking forward to trying on this restaurant and I'm so glad we did! They don't offer reservations so it's first come first serve. We got there..."", 'rating': 5, 'time_created': '2021-06-07 14:14:56', 'user': {'id': 'X45MXqYjC8mAEgCqATLNxw', 'profile_url': 'https://www.yelp.com/user_details?userid=X45MXqYjC8mAEgCqATLNxw', 'image_url': 'https://s3-media1.fl.yelpcdn.com/photo/s5c4j1vYH8B4KI2X48_5TQ/o.jpg', 'name': 'Dominique P.'}}","{'id': 'KYiF51B7VXl3_LosqqKnbg', 'url': 'https://www.yelp.com/biz/thursday-kitchen-new-york?adjust_creative=VYGm0sk0aHdKKGyXs5PMrA&hrid=KYiF51B7VXl3_LosqqKnbg&utm_campaign=yelp_api_v3&utm_medium=api_v3_business_reviews&utm_source=VYGm0sk0aHdKKGyXs5PMrA', 'text': ""I LOVED this spot and would argue it's one of the best Korean fusion tapas I've had! We tried the edamame dumplings, steak, truffle mac & cheese, popcorn..."", 'rating': 5, 'time_created': '2021-04-09 02:35:00', 'user': {'id': 'Dd2YRrn-af65yLmu6kl8kQ', 'profile_url': 'https://www.yelp.com/user_details?userid=Dd2YRrn-af65yLmu6kl8kQ', 'image_url': 'https://s3-media1.fl.yelpcdn.com/photo/IDxvN872ILwFFzL2RKaHAw/o.jpg', 'name': 'Abida H.'}}"
"{'id': 'aK8je74IIiDogQNnC1DPJw', 'url': 'https://www.yelp.com/biz/the-cabin-nyc-new-york-2?adjust_creative=VYGm0sk0aHdKKGyXs5PMrA&hrid=aK8je74IIiDogQNnC1DPJw&utm_campaign=yelp_api_v3&utm_medium=api_v3_business_reviews&utm_source=VYGm0sk0aHdKKGyXs5PMrA', 'text': 'I loved the decor and ambiance of this place. The food was amazing, I had the truffle fries and salmon were top notch. I loved the owner took time to check...', 'rating': 5, 'time_created': '2021-05-18 16:35:51', 'user': {'id': 'dvpG9E9ay_Oh373qju5hxg', 'profile_url': 'https://www.yelp.com/user_details?userid=dvpG9E9ay_Oh373qju5hxg', 'image_url': 'https://s3-media3.fl.yelpcdn.com/photo/bS69Z6q7l_kI7ez85-T97A/o.jpg', 'name': 'Julie P.'}}","{'id': 'vr8L6Y6JrmodiFf6IqMePg', 'url': 'https://www.yelp.com/biz/the-cabin-nyc-new-york-2?adjust_creative=VYGm0sk0aHdKKGyXs5PMrA&hrid=vr8L6Y6JrmodiFf6IqMePg&utm_campaign=yelp_api_v3&utm_medium=api_v3_business_reviews&utm_source=VYGm0sk0aHdKKGyXs5PMrA', 'text': 'I just KNEW I would love this place. I have had this place saved in my folder for a while and had finally ventured over! \n\nI made a reservation before...', 'rating': 5, 'time_created': '2021-04-22 06:17:38', 'user': {'id': 'iPhKsnkALoWgFwsFFMj0CA', 'profile_url': 'https://www.yelp.com/user_details?userid=iPhKsnkALoWgFwsFFMj0CA', 'image_url': 'https://s3-media3.fl.yelpcdn.com/photo/lQUHxGcpdxg8xI20b2NYmg/o.jpg', 'name': 'Melissa O.'}}","{'id': 'K5hHuOJQN91J1AIsDHBB_w', 'url': 'https://www.yelp.com/biz/the-cabin-nyc-new-york-2?adjust_creative=VYGm0sk0aHdKKGyXs5PMrA&hrid=K5hHuOJQN91J1AIsDHBB_w&utm_campaign=yelp_api_v3&utm_medium=api_v3_business_reviews&utm_source=VYGm0sk0aHdKKGyXs5PMrA', 'text': 'Very cute spot! Came here a few weeks ago and got the biscuits and gravy with a side of eggs and it was definitely tasty. The decor inside is super cute,...', 'rating': 4, 'time_created': '2021-05-22 08:37:30', 'user': {'id': 'D-EKxJMdoUq2Q4yoiRz3nQ', 'profile_url': 'https://www.yelp.com/user_details?userid=D-EKxJMdoUq2Q4yoiRz3nQ', 'image_url': 'https://s3-media4.fl.yelpcdn.com/photo/AKlpSeWOKQoieVIGRYMzvQ/o.jpg', 'name': 'Lindsey O.'}}"
"{'id': 'M9rWrcx_-osTaJpVkg_-Lg', 'url': 'https://www.yelp.com/biz/celestine-brooklyn?adjust_creative=VYGm0sk0aHdKKGyXs5PMrA&hrid=M9rWrcx_-osTaJpVkg_-Lg&utm_campaign=yelp_api_v3&utm_medium=api_v3_business_reviews&utm_source=VYGm0sk0aHdKKGyXs5PMrA', 'text': 'A great experience overall. The staff were so kind and made everything pleasant despite the stressful situation restaurants are in. And everyone was wearing...', 'rating': 5, 'time_created': '2020-08-06 17:15:07', 'user': {'id': 'x435SKUzNR9_5VwMrkPpxQ', 'profile_url': 'https://www.yelp.com/user_details?userid=x435SKUzNR9_5VwMrkPpxQ', 'image_url': None, 'name': 'Cortney S.'}}","{'id': 'ySOSSpwpwW2kgo_GZ3wHpQ', 'url': 'https://www.yelp.com/biz/celestine-brooklyn?adjust_creative=VYGm0sk0aHdKKGyXs5PMrA&hrid=ySOSSpwpwW2kgo_GZ3wHpQ&utm_campaign=yelp_api_v3&utm_medium=api_v3_business_reviews&utm_source=VYGm0sk0aHdKKGyXs5PMrA', 'text': 'We had the most wonderful\xa0time at Celestine.\xa0 The space was gorgeous and the view cannot be beat.\xa0 The entire staff was super friendly and welcoming and we...', 'rating': 5, 'time_created': '2021-05-13 16:48:52', 'user': {'id': 'KUdYdYovccMQoGI7cCHYmQ', 'profile_url': 'https://www.yelp.com/user_details?userid=KUdYdYovccMQoGI7cCHYmQ', 'image_url': None, 'name': 'Wendy B.'}}","{'id': 'atfBYEfNF7eo5qfw3He0sA', 'url': 'https://www.yelp.com/biz/celestine-brooklyn?adjust_creative=VYGm0sk0aHdKKGyXs5PMrA&hrid=atfBYEfNF7eo5qfw3He0sA&utm_campaign=yelp_api_v3&utm_medium=api_v3_business_reviews&utm_source=VYGm0sk0aHdKKGyXs5PMrA', 'text': ""I've now gone to Celestine at least 5 times - it's become my go-to. Incredible food, but I'm there for the wine selection if I'm honest! If you want a..."", 'rating': 5, 'time_created': '2021-05-13 12:03:36', 'user': {'id': 'jm728Yktm_QZEKcEYWJ1uQ', 'profile_url': 'https://www.yelp.com/user_details?userid=jm728Yktm_QZEKcEYWJ1uQ', 'image_url': 'https://s3-media2.fl.yelpcdn.com/photo/ZFlgceMzUlG0wgJRe25bXg/o.jpg', 'name': 'Madeline M.'}}"
"{'id': '12-ruYB0oLUSRr_V5fyY2A', 'url': 'https://www.yelp.com/biz/the-osprey-brooklyn?adjust_creative=VYGm0sk0aHdKKGyXs5PMrA&hrid=12-ruYB0oLUSRr_V5fyY2A&utm_campaign=yelp_api_v3&utm_medium=api_v3_business_reviews&utm_source=VYGm0sk0aHdKKGyXs5PMrA', 'text': 'This restaurant is stunning with incredible outdoor seating to relax and enjoy. First time here, came to meet a friend for a late afternoon drink, and we...', 'rating': 4, 'time_created': '2021-03-12 16:59:59', 'user': {'id': 'Nj6gpNIhQhxhrGoKKw8vkw', 'profile_url': 'https://www.yelp.com/user_details?userid=Nj6gpNIhQhxhrGoKKw8vkw', 'image_url': 'https://s3-media1.fl.yelpcdn.com/photo/ZEHts5VE_v5ujzhtlFh9Mg/o.jpg', 'name': 'Marisol M.'}}","{'id': 'RJ-qk5JHrE_eU4UqChyEUw', 'url': 'https://www.yelp.com/biz/the-osprey-brooklyn?adjust_creative=VYGm0sk0aHdKKGyXs5PMrA&hrid=RJ-qk5JHrE_eU4UqChyEUw&utm_campaign=yelp_api_v3&utm_medium=api_v3_business_reviews&utm_source=VYGm0sk0aHdKKGyXs5PMrA', 'text': 'My friend and I came here for dinner and it was pretty good! We made a reservation for 6:00 pm on a Saturday. Upon arrival, they took our temperatures and...', 'rating': 4, 'time_created': '2020-10-14 11:26:53', 'user': {'id': 'wI8Unos15sPrx2Jt9DBrIA', 'profile_url': 'https://www.yelp.com/user_details?userid=wI8Unos15sPrx2Jt9DBrIA', 'image_url': 'https://s3-media3.fl.yelpcdn.com/photo/Xz3yNSAt5KNk9bjVMmv9QQ/o.jpg', 'name': 'Racheal D.'}}","{'id': '4B1pXyFLvGlcKgf3nubNqA', 'url': 'https://www.yelp.com/biz/the-osprey-brooklyn?adjust_creative=VYGm0sk0aHdKKGyXs5PMrA&hrid=4B1pXyFLvGlcKgf3nubNqA&utm_campaign=yelp_api_v3&utm_medium=api_v3_business_reviews&utm_source=VYGm0sk0aHdKKGyXs5PMrA', 'text': ""We pass this restaurant often on our daily walks through the park.   Its lush patio always intrigued me and it's here that I dragged my bf here for his..."", 'rating': 4, 'time_created': '2020-08-08 10:11:08', 'user': {'id': 'upKCYdxGuw2oUtbUQuQRCg', 'profile_url': 'https://www.yelp.com/user_details?userid=upKCYdxGuw2oUtbUQuQRCg', 'image_url': 'https://s3-media4.fl.yelpcdn.com/photo/LzIwfJHXWYg43AMtbwwhqw/o.jpg', 'name': 'Kayo N.'}}"
"{'id': 'NPsWne2Rz5YKkXOAniaYVQ', 'url': 'https://www.yelp.com/biz/the-tyger-new-york-2?adjust_creative=VYGm0sk0aHdKKGyXs5PMrA&hrid=NPsWne2Rz5YKkXOAniaYVQ&utm_campaign=yelp_api_v3&utm_medium=api_v3_business_reviews&utm_source=VYGm0sk0aHdKKGyXs5PMrA', 'text': 'I rarely find myself in Manhattan these days and The Tyger was a great re-introduction to sit down dining since the pandemic started. We made reservations...', 'rating': 5, 'time_created': '2021-06-04 17:40:43', 'user': {'id': 'QceDm1sVlQfgYyzOZWhaUg', 'profile_url': 'https://www.yelp.com/user_details?userid=QceDm1sVlQfgYyzOZWhaUg', 'image_url': 'https://s3-media1.fl.yelpcdn.com/photo/EJFzRiqBKV-_935B6a1AKA/o.jpg', 'name': 'Christian Y.'}}","{'id': 'Qene3SiwjPk0QNrHwYs2Zg', 'url': 'https://www.yelp.com/biz/the-tyger-new-york-2?adjust_creative=VYGm0sk0aHdKKGyXs5PMrA&hrid=Qene3SiwjPk0QNrHwYs2Zg&utm_campaign=yelp_api_v3&utm_medium=api_v3_business_reviews&utm_source=VYGm0sk0aHdKKGyXs5PMrA', 'text': 'Delicious Thai fusion food! The ambience, menu and service is all top notch! The outdoor ""greenhouse"" seating is still pretty chic  and matches the indoor...', 'rating': 5, 'time_created': '2021-04-06 10:12:32', 'user': {'id': 't0yamaWKaSInp6AoVPmJZA', 'profile_url': 'https://www.yelp.com/user_details?userid=t0yamaWKaSInp6AoVPmJZA', 'image_url': 'https://s3-media2.fl.yelpcdn.com/photo/TDsd5zpRIb4pl4e1aeV4mA/o.jpg', 'name': 'Kadeesha L.'}}","{'id': 'EoqUGHvDSHXf-JzCPNtpsA', 'url': 'https://www.yelp.com/biz/the-tyger-new-york-2?adjust_creative=VYGm0sk0aHdKKGyXs5PMrA&hrid=EoqUGHvDSHXf-JzCPNtpsA&utm_campaign=yelp_api_v3&utm_medium=api_v3_business_reviews&utm_source=VYGm0sk0aHdKKGyXs5PMrA', 'text': ""Super cool spot with great food, drinks, and decor from the inside out. We had a reservation and were seated inside but there's ample covered outdoor..."", 'rating': 5, 'time_created': '2021-02-09 18:20:06', 'user': {'id': 'AMrhEi4bLvaAcC2XggeBsg', 'profile_url': 'https://www.yelp.com/user_details?userid=AMrhEi4bLvaAcC2XggeBsg', 'image_url': 'https://s3-media2.fl.yelpcdn.com/photo/nOpU_55entgrV4NxEWUa7A/o.jpg', 'name': 'Amanda L.'}}"
"{'id': 'luBmuD0TGP0ObB7mXBX91Q', 'url': 'https://www.yelp.com/biz/am%C3%A9lie-new-york?adjust_creative=VYGm0sk0aHdKKGyXs5PMrA&hrid=luBmuD0TGP0ObB7mXBX91Q&utm_campaign=yelp_api_v3&utm_medium=api_v3_business_reviews&utm_source=VYGm0sk0aHdKKGyXs5PMrA', 'text': 'COVID dining update -\n\nSo happy to be able to return to my favorite spot for brunch! Am√©lie is still as delicious as I remembered.\n\nIndoor dining felt quite...', 'rating': 5, 'time_created': '2021-04-25 09:10:49', 'user': {'id': 'pqogNBSZiQPETOj-K7XT-w', 'profile_url': 'https://www.yelp.com/user_details?userid=pqogNBSZiQPETOj-K7XT-w', 'image_url': 'https://s3-media2.fl.yelpcdn.com/photo/KKcahzodfA11dpy6h0LNWA/o.jpg', 'name': 'Ivy Z.'}}","{'id': 'i_lNNu4F17L20Lz56pJMTQ', 'url': 'https://www.yelp.com/biz/am%C3%A9lie-new-york?adjust_creative=VYGm0sk0aHdKKGyXs5PMrA&hrid=i_lNNu4F17L20Lz56pJMTQ&utm_campaign=yelp_api_v3&utm_medium=api_v3_business_reviews&utm_source=VYGm0sk0aHdKKGyXs5PMrA', 'text': ""My food friend was eyeing this place and I'm so glad we stopped by. At first I was thinking how does a French restaurant with wine have so many reviews in..."", 'rating': 5, 'time_created': '2021-03-22 19:53:57', 'user': {'id': 'Y2znUUlJVlBXxlMZ4I24zA', 'profile_url': 'https://www.yelp.com/user_details?userid=Y2znUUlJVlBXxlMZ4I24zA', 'image_url': 'https://s3-media1.fl.yelpcdn.com/photo/5jwu0xSXCbv9xOKkmpJDnw/o.jpg', 'name': 'Khoi N.'}}","{'id': 'l24_CU0dZI9WH-a7Mmy0TQ', 'url': 'https://www.yelp.com/biz/am%C3%A9lie-new-york?adjust_creative=VYGm0sk0aHdKKGyXs5PMrA&hrid=l24_CU0dZI9WH-a7Mmy0TQ&utm_campaign=yelp_api_v3&utm_medium=api_v3_business_reviews&utm_source=VYGm0sk0aHdKKGyXs5PMrA', 'text': 'I finally understand why one of my girlfriends has been suggesting this place of the last 5 years. This place is situated just a few blocks from Washington...', 'rating': 5, 'time_created': '2021-02-12 15:22:53', 'user': {'id': 'iPhKsnkALoWgFwsFFMj0CA', 'profile_url': 'https://www.yelp.com/user_details?userid=iPhKsnkALoWgFwsFFMj0CA', 'image_url': 'https://s3-media3.fl.yelpcdn.com/photo/lQUHxGcpdxg8xI20b2NYmg/o.jpg', 'name': 'Melissa O.'}}"
"{'id': 'h_cQ5hrUONLMXUNtvBDRXg', 'url': 'https://www.yelp.com/biz/cecconis-dumbo-brooklyn?adjust_creative=VYGm0sk0aHdKKGyXs5PMrA&hrid=h_cQ5hrUONLMXUNtvBDRXg&utm_campaign=yelp_api_v3&utm_medium=api_v3_business_reviews&utm_source=VYGm0sk0aHdKKGyXs5PMrA', 'text': ""My husband and I came here the day before Mother's Day without a reservation and we were super pleased!! The staff was super accommodating and gave us a..."", 'rating': 5, 'time_created': '2021-05-19 07:20:14', 'user': {'id': '0HXVOcl_0ZcHbn_yWuWbCQ', 'profile_url': 'https://www.yelp.com/user_details?userid=0HXVOcl_0ZcHbn_yWuWbCQ', 'image_url': 'https://s3-media4.fl.yelpcdn.com/photo/MTRjEkOrRiyGiE4xr2o4MQ/o.jpg', 'name': 'idia L.'}}","{'id': 'eMCWfvkWWvge7te4IOW97g', 'url': 'https://www.yelp.com/biz/cecconis-dumbo-brooklyn?adjust_creative=VYGm0sk0aHdKKGyXs5PMrA&hrid=eMCWfvkWWvge7te4IOW97g&utm_campaign=yelp_api_v3&utm_medium=api_v3_business_reviews&utm_source=VYGm0sk0aHdKKGyXs5PMrA', 'text': 'Started off with the espresso Martini with the whipped ricotta so good.  We had a table outside with a beautiful view of both bridges !   For dinner we had...', 'rating': 4, 'time_created': '2021-04-25 08:09:18', 'user': {'id': 'G0kmFb3Px3lxgVXiITLIXA', 'profile_url': 'https://www.yelp.com/user_details?userid=G0kmFb3Px3lxgVXiITLIXA', 'image_url': None, 'name': 'Patricia P.'}}","{'id': 'AClMlCY6LYA-0oNQzvK4vA', 'url': 'https://www.yelp.com/biz/cecconis-dumbo-brooklyn?adjust_creative=VYGm0sk0aHdKKGyXs5PMrA&hrid=AClMlCY6LYA-0oNQzvK4vA&utm_campaign=yelp_api_v3&utm_medium=api_v3_business_reviews&utm_source=VYGm0sk0aHdKKGyXs5PMrA', 'text': 'Love coming here for the pizza. The staff is incredibly friendly and more importantly, considerate!\n\nMake sure you make a reservation here, especially if...', 'rating': 5, 'time_created': '2021-05-14 12:33:53', 'user': {'id': 'KRWtCg-2lplIKRRtjkBCqg', 'profile_url': 'https://www.yelp.com/user_details?userid=KRWtCg-2lplIKRRtjkBCqg', 'image_url': 'https://s3-media4.fl.yelpcdn.com/photo/uss-gwqEFWpSZdSTydOsZg/o.jpg', 'name': 'Courtney S.'}}"
"{'id': '-XW8HoS3WQSSTsTB_CBrgw', 'url': 'https://www.yelp.com/biz/la-contenta-new-york?adjust_creative=VYGm0sk0aHdKKGyXs5PMrA&hrid=-XW8HoS3WQSSTsTB_CBrgw&utm_campaign=yelp_api_v3&utm_medium=api_v3_business_reviews&utm_source=VYGm0sk0aHdKKGyXs5PMrA', 'text': 'We came here on cinco de mayo & the service was amazing. Shout out to the crew working that night! They were super helpful in getting us a table, even...', 'rating': 5, 'time_created': '2021-05-15 08:32:21', 'user': {'id': 'OAncOBi_POwhISAQP8ZLcA', 'profile_url': 'https://www.yelp.com/user_details?userid=OAncOBi_POwhISAQP8ZLcA', 'image_url': 'https://s3-media2.fl.yelpcdn.com/photo/0cr9WvZJkb1sAhnmiWLp4w/o.jpg', 'name': 'Lena G.'}}","{'id': 'Ba0-vg6pHnZyZy0GMRADXg', 'url': 'https://www.yelp.com/biz/la-contenta-new-york?adjust_creative=VYGm0sk0aHdKKGyXs5PMrA&hrid=Ba0-vg6pHnZyZy0GMRADXg&utm_campaign=yelp_api_v3&utm_medium=api_v3_business_reviews&utm_source=VYGm0sk0aHdKKGyXs5PMrA', 'text': ""WOW! Best Mexican in NYC. I love their steak tacos & I've heard their drinks are great too! Can't wait to try it in person instead of ordering takeout!"", 'rating': 5, 'time_created': '2021-06-05 14:58:55', 'user': {'id': 'XBPxxO6Qme-7C1ti2vQebQ', 'profile_url': 'https://www.yelp.com/user_details?userid=XBPxxO6Qme-7C1ti2vQebQ', 'image_url': 'https://s3-media3.fl.yelpcdn.com/photo/AMihg73NDl35mBhqYns5Pg/o.jpg', 'name': 'Alicia W.'}}","{'id': '5CnG-9_gDO-8UpPTq00PfA', 'url': 'https://www.yelp.com/biz/la-contenta-new-york?adjust_creative=VYGm0sk0aHdKKGyXs5PMrA&hrid=5CnG-9_gDO-8UpPTq00PfA&utm_campaign=yelp_api_v3&utm_medium=api_v3_business_reviews&utm_source=VYGm0sk0aHdKKGyXs5PMrA', 'text': 'The food is really terrific here. I love coming to get the catfish tacos, guacamole, or any of the shrimp dishes. The cocktails are so delicious that you...', 'rating': 5, 'time_created': '2021-03-15 15:02:07', 'user': {'id': 'FqzpP2N7rf2er5f0OiubLg', 'profile_url': 'https://www.yelp.com/user_details?userid=FqzpP2N7rf2er5f0OiubLg', 'image_url': 'https://s3-media2.fl.yelpcdn.com/photo/hpH3cig0TWTX8Ya0DPcA6A/o.jpg', 'name': 'Kate S.'}}"
"{'id': 'gkp2EQDtbI5oyX-84980xA', 'url': 'https://www.yelp.com/biz/julianas-brooklyn-3?adjust_creative=VYGm0sk0aHdKKGyXs5PMrA&hrid=gkp2EQDtbI5oyX-84980xA&utm_campaign=yelp_api_v3&utm_medium=api_v3_business_reviews&utm_source=VYGm0sk0aHdKKGyXs5PMrA', 'text': ""We had the most magical NYC evening and experience at Juliana's. Walking across the Brooklyn bridge around dusk and landing upon a quaint delicious pizza..."", 'rating': 5, 'time_created': '2021-05-27 21:19:22', 'user': {'id': 'ztSBTt0xd37LImvDyZvIKw', 'profile_url': 'https://www.yelp.com/user_details?userid=ztSBTt0xd37LImvDyZvIKw', 'image_url': 'https://s3-media4.fl.yelpcdn.com/photo/wb_1Yul-ijDkGqMjzz1Gkg/o.jpg', 'name': 'Emma C.'}}","{'id': 'fvWm-bGB6oPYlbbY5Ep21Q', 'url': 'https://www.yelp.com/biz/julianas-brooklyn-3?adjust_creative=VYGm0sk0aHdKKGyXs5PMrA&hrid=fvWm-bGB6oPYlbbY5Ep21Q&utm_campaign=yelp_api_v3&utm_medium=api_v3_business_reviews&utm_source=VYGm0sk0aHdKKGyXs5PMrA', 'text': 'I. LOVE. JULIANAS. We came here for lunch around 11:40am and the place was pretty packed inside. It has been a while since we did indoor dining but they had...', 'rating': 5, 'time_created': '2021-05-25 13:50:56', 'user': {'id': 'tsUyW00pK3lQM0SqC-LIBA', 'profile_url': 'https://www.yelp.com/user_details?userid=tsUyW00pK3lQM0SqC-LIBA', 'image_url': 'https://s3-media1.fl.yelpcdn.com/photo/M2vRJBQpy6G3Xb_rND17Xg/o.jpg', 'name': 'Suki C.'}}","{'id': '8pJ7GT1fF9x16PSy1c2pIQ', 'url': 'https://www.yelp.com/biz/julianas-brooklyn-3?adjust_creative=VYGm0sk0aHdKKGyXs5PMrA&hrid=8pJ7GT1fF9x16PSy1c2pIQ&utm_campaign=yelp_api_v3&utm_medium=api_v3_business_reviews&utm_source=VYGm0sk0aHdKKGyXs5PMrA', 'text': ""My husband and I were in the city and decided to grab some pizza on the way home. We remembered we had Juliana's awhile back and never get a chance to go..."", 'rating': 5, 'time_created': '2021-04-26 21:19:47', 'user': {'id': 'RBcX8amtZpjZ1X_9KfYrZg', 'profile_url': 'https://www.yelp.com/user_details?userid=RBcX8amtZpjZ1X_9KfYrZg', 'image_url': 'https://s3-media4.fl.yelpcdn.com/photo/skdMQwt7MMAHmEYubE17dQ/o.jpg', 'name': 'Melissa N.'}}"
"{'id': 'GBuuZNRII-V3j9b2zaEoSg', 'url': 'https://www.yelp.com/biz/benemon-new-york?adjust_creative=VYGm0sk0aHdKKGyXs5PMrA&hrid=GBuuZNRII-V3j9b2zaEoSg&utm_campaign=yelp_api_v3&utm_medium=api_v3_business_reviews&utm_source=VYGm0sk0aHdKKGyXs5PMrA', 'text': 'Great outdoor seating. Food was good. Everything was tasty so we ordered more food. Service was good.', 'rating': 5, 'time_created': '2021-05-11 19:34:37', 'user': {'id': 'I7X_rhKGsLrmDIPqFVJjLg', 'profile_url': 'https://www.yelp.com/user_details?userid=I7X_rhKGsLrmDIPqFVJjLg', 'image_url': None, 'name': 'Jacey C.'}}","{'id': 'lG-rgwYtrV84ZS_Bya3mHQ', 'url': 'https://www.yelp.com/biz/benemon-new-york?adjust_creative=VYGm0sk0aHdKKGyXs5PMrA&hrid=lG-rgwYtrV84ZS_Bya3mHQ&utm_campaign=yelp_api_v3&utm_medium=api_v3_business_reviews&utm_source=VYGm0sk0aHdKKGyXs5PMrA', 'text': '4.5/5\nStopped by for some dinner on a Sunday night. We made a reservation online but there was no wait at all. Service was professional and the food came...', 'rating': 5, 'time_created': '2021-03-28 17:12:25', 'user': {'id': '3efMTDumo2gJwBQ-U_qVDw', 'profile_url': 'https://www.yelp.com/user_details?userid=3efMTDumo2gJwBQ-U_qVDw', 'image_url': 'https://s3-media2.fl.yelpcdn.com/photo/_F2sj1gHOe0UPnxdYBRhpg/o.jpg', 'name': 'Vivian C.'}}","{'id': 's2Iy2YW6ahAbol3mJcmcuw', 'url': 'https://www.yelp.com/biz/benemon-new-york?adjust_creative=VYGm0sk0aHdKKGyXs5PMrA&hrid=s2Iy2YW6ahAbol3mJcmcuw&utm_campaign=yelp_api_v3&utm_medium=api_v3_business_reviews&utm_source=VYGm0sk0aHdKKGyXs5PMrA', 'text': 'Yum! Had dinner on their covered outdoor seating one evening. We tried 3 different dishes - garlic sesame steak, black miso chicken, and the Katsu Don....', 'rating': 5, 'time_created': '2021-05-11 09:21:40', 'user': {'id': 'tRyTm5Q5AS4LJK-7YQ9hiw', 'profile_url': 'https://www.yelp.com/user_details?userid=tRyTm5Q5AS4LJK-7YQ9hiw', 'image_url': 'https://s3-media2.fl.yelpcdn.com/photo/6rxMm9Z_HIu1IfDzYlq3qg/o.jpg', 'name': 'Jennifer H.'}}"
"{'id': '_hXUBupa5s27ar_5-r_Oxw', 'url': 'https://www.yelp.com/biz/almar-brooklyn-2?adjust_creative=VYGm0sk0aHdKKGyXs5PMrA&hrid=_hXUBupa5s27ar_5-r_Oxw&utm_campaign=yelp_api_v3&utm_medium=api_v3_business_reviews&utm_source=VYGm0sk0aHdKKGyXs5PMrA', 'text': 'Food was decent, very small portion for quite expensive price. Limited choices for menu but serivce suck! They seemed mad, flat face, ignored us.I was...', 'rating': 3, 'time_created': '2021-05-23 11:07:55', 'user': {'id': 'ClrQPut-bIx-QzrYIfDFgg', 'profile_url': 'https://www.yelp.com/user_details?userid=ClrQPut-bIx-QzrYIfDFgg', 'image_url': None, 'name': 'Hannah L.'}}","{'id': 'BnXV-b6h4EtOIAI-ns6Y7w', 'url': 'https://www.yelp.com/biz/almar-brooklyn-2?adjust_creative=VYGm0sk0aHdKKGyXs5PMrA&hrid=BnXV-b6h4EtOIAI-ns6Y7w&utm_campaign=yelp_api_v3&utm_medium=api_v3_business_reviews&utm_source=VYGm0sk0aHdKKGyXs5PMrA', 'text': 'Great Restaurant ,\n\n My sister came to NYC for one weekend and she wanted to walk the Brooklyn Bridge.  My little niece was hungry after we walked towards...', 'rating': 4, 'time_created': '2021-04-13 10:35:13', 'user': {'id': 'vES5btii_Y7j8lBssu0dsg', 'profile_url': 'https://www.yelp.com/user_details?userid=vES5btii_Y7j8lBssu0dsg', 'image_url': 'https://s3-media2.fl.yelpcdn.com/photo/aEZi0oClPkTzbrj60-Q80A/o.jpg', 'name': 'Adjanie T.'}}","{'id': 'LkP-ETXEB0X2NIoyJY0Pug', 'url': 'https://www.yelp.com/biz/almar-brooklyn-2?adjust_creative=VYGm0sk0aHdKKGyXs5PMrA&hrid=LkP-ETXEB0X2NIoyJY0Pug&utm_campaign=yelp_api_v3&utm_medium=api_v3_business_reviews&utm_source=VYGm0sk0aHdKKGyXs5PMrA', 'text': ""I came to DUMBO on a nice Saturday without brunch reservations. Don't recommend ever doing that again. Luckily we were walking by and saw that AlMar had..."", 'rating': 4, 'time_created': '2021-04-16 19:18:01', 'user': {'id': 'Iu8cyvHi9oU_eBE8K-4pQA', 'profile_url': 'https://www.yelp.com/user_details?userid=Iu8cyvHi9oU_eBE8K-4pQA', 'image_url': 'https://s3-media4.fl.yelpcdn.com/photo/TEp5fvXZ9BCwHuDURO6DPg/o.jpg', 'name': 'Cathy L.'}}"
"{'id': 'wvCoa1mzruQypypX9qk7MQ', 'url': 'https://www.yelp.com/biz/joes-shanghai-new-york-2?adjust_creative=VYGm0sk0aHdKKGyXs5PMrA&hrid=wvCoa1mzruQypypX9qk7MQ&utm_campaign=yelp_api_v3&utm_medium=api_v3_business_reviews&utm_source=VYGm0sk0aHdKKGyXs5PMrA', 'text': ""Another place I have to stop to get some delicious soup dumplings. They've relocated since I last visited in 2019. They don't take reservations and they're..."", 'rating': 5, 'time_created': '2021-06-06 16:40:34', 'user': {'id': 'X45MXqYjC8mAEgCqATLNxw', 'profile_url': 'https://www.yelp.com/user_details?userid=X45MXqYjC8mAEgCqATLNxw', 'image_url': 'https://s3-media1.fl.yelpcdn.com/photo/s5c4j1vYH8B4KI2X48_5TQ/o.jpg', 'name': 'Dominique P.'}}","{'id': '0a5agGD9dQxDjGYTSNsslg', 'url': 'https://www.yelp.com/biz/joes-shanghai-new-york-2?adjust_creative=VYGm0sk0aHdKKGyXs5PMrA&hrid=0a5agGD9dQxDjGYTSNsslg&utm_campaign=yelp_api_v3&utm_medium=api_v3_business_reviews&utm_source=VYGm0sk0aHdKKGyXs5PMrA', 'text': ""Joe's Shanghai has always been my family and I's favorite Shanghainese restaurant. My husband and I came here on our very first lunch date 18 years ago at..."", 'rating': 5, 'time_created': '2021-02-28 15:41:44', 'user': {'id': 'Xv3ckcl1D7bcsWJc3ZHdQQ', 'profile_url': 'https://www.yelp.com/user_details?userid=Xv3ckcl1D7bcsWJc3ZHdQQ', 'image_url': 'https://s3-media3.fl.yelpcdn.com/photo/VzkeBUZKsySjSiXSNGbEbQ/o.jpg', 'name': 'Cecilia T.'}}","{'id': '7C6EWCkID34WJROccZJqyQ', 'url': 'https://www.yelp.com/biz/joes-shanghai-new-york-2?adjust_creative=VYGm0sk0aHdKKGyXs5PMrA&hrid=7C6EWCkID34WJROccZJqyQ&utm_campaign=yelp_api_v3&utm_medium=api_v3_business_reviews&utm_source=VYGm0sk0aHdKKGyXs5PMrA', 'text': 'This is a pre-covid review. I always like to mention this because the menu could have changed. \n\nI ate here with a few friends when we were in town. It was...', 'rating': 5, 'time_created': '2021-02-09 10:55:32', 'user': {'id': 'jwNAw2CkV9obmNq_u4bbQA', 'profile_url': 'https://www.yelp.com/user_details?userid=jwNAw2CkV9obmNq_u4bbQA', 'image_url': 'https://s3-media4.fl.yelpcdn.com/photo/IhPR6Bkhi7BIMSVEKYCjPw/o.jpg', 'name': 'Blessy B.'}}"
"{'id': 'A0Vzz18XRBhrOPI9OpcSnw', 'url': 'https://www.yelp.com/biz/gelso-and-grand-new-york?adjust_creative=VYGm0sk0aHdKKGyXs5PMrA&hrid=A0Vzz18XRBhrOPI9OpcSnw&utm_campaign=yelp_api_v3&utm_medium=api_v3_business_reviews&utm_source=VYGm0sk0aHdKKGyXs5PMrA', 'text': 'The vongole pasta bucatini is so good! The pasta was perfectly al dente and the clam sauce was delicious. I had to try the capizza because it was such a...', 'rating': 5, 'time_created': '2021-04-26 08:08:24', 'user': {'id': 'Oth6rB5qQNS113ILZv3uIQ', 'profile_url': 'https://www.yelp.com/user_details?userid=Oth6rB5qQNS113ILZv3uIQ', 'image_url': 'https://s3-media3.fl.yelpcdn.com/photo/U6Cu75mszf9q8LVspvVf4A/o.jpg', 'name': 'Vivian L.'}}","{'id': 'M-7x_V7RbaK3CAIbsmVwYQ', 'url': 'https://www.yelp.com/biz/gelso-and-grand-new-york?adjust_creative=VYGm0sk0aHdKKGyXs5PMrA&hrid=M-7x_V7RbaK3CAIbsmVwYQ&utm_campaign=yelp_api_v3&utm_medium=api_v3_business_reviews&utm_source=VYGm0sk0aHdKKGyXs5PMrA', 'text': 'Love this spot in Little Italy! The ambiance is amazing indoor as well as outdoor. Did you know their foot long cannoli is seasonal? We got to try out their...', 'rating': 5, 'time_created': '2021-03-21 18:15:03', 'user': {'id': 'ELW-5I7kasrDpRh-mDnqQQ', 'profile_url': 'https://www.yelp.com/user_details?userid=ELW-5I7kasrDpRh-mDnqQQ', 'image_url': 'https://s3-media2.fl.yelpcdn.com/photo/WJek3njtegoGDemQlACPKg/o.jpg', 'name': 'Sharm S.'}}","{'id': 'UyQ4A40tQ3TR-4zpxy23zA', 'url': 'https://www.yelp.com/biz/gelso-and-grand-new-york?adjust_creative=VYGm0sk0aHdKKGyXs5PMrA&hrid=UyQ4A40tQ3TR-4zpxy23zA&utm_campaign=yelp_api_v3&utm_medium=api_v3_business_reviews&utm_source=VYGm0sk0aHdKKGyXs5PMrA', 'text': ""Loved coming to this cozy spot in Little Italy. The service was wonderful. I don't think my water glass was ever more than half empty and our waitress was..."", 'rating': 5, 'time_created': '2021-04-18 10:20:08', 'user': {'id': 'ZGjnDwXWR57Dw0m4pmFOIw', 'profile_url': 'https://www.yelp.com/user_details?userid=ZGjnDwXWR57Dw0m4pmFOIw', 'image_url': 'https://s3-media2.fl.yelpcdn.com/photo/ab4bT4OptDdED0CcKPoM3g/o.jpg', 'name': 'Jacqueline K.'}}"
"{'id': '0ZkNETiADcBqKQ17cq5xvg', 'url': 'https://www.yelp.com/biz/rubirosa-new-york-2?adjust_creative=VYGm0sk0aHdKKGyXs5PMrA&hrid=0ZkNETiADcBqKQ17cq5xvg&utm_campaign=yelp_api_v3&utm_medium=api_v3_business_reviews&utm_source=VYGm0sk0aHdKKGyXs5PMrA', 'text': ""We saved the best for last! I'm never disappointed when I come to eat here. The pasta and pizza are just so good. We tried calling a couple of times to make..."", 'rating': 5, 'time_created': '2021-06-09 10:06:36', 'user': {'id': 'X45MXqYjC8mAEgCqATLNxw', 'profile_url': 'https://www.yelp.com/user_details?userid=X45MXqYjC8mAEgCqATLNxw', 'image_url': 'https://s3-media1.fl.yelpcdn.com/photo/s5c4j1vYH8B4KI2X48_5TQ/o.jpg', 'name': 'Dominique P.'}}","{'id': 'ZTedDnjCY1Qxnd1GlIj-Yg', 'url': 'https://www.yelp.com/biz/rubirosa-new-york-2?adjust_creative=VYGm0sk0aHdKKGyXs5PMrA&hrid=ZTedDnjCY1Qxnd1GlIj-Yg&utm_campaign=yelp_api_v3&utm_medium=api_v3_business_reviews&utm_source=VYGm0sk0aHdKKGyXs5PMrA', 'text': 'In a Covid reopened New York, Rubirosa is really doing it right. Their outdoor seating, service, food, and drinks are really worth the 45 to an hour wait....', 'rating': 5, 'time_created': '2021-04-02 19:11:18', 'user': {'id': 'vrMqVXFNxXcKUHtImb-KYA', 'profile_url': 'https://www.yelp.com/user_details?userid=vrMqVXFNxXcKUHtImb-KYA', 'image_url': 'https://s3-media4.fl.yelpcdn.com/photo/G7e-4fAl8AydShLGCzoPnw/o.jpg', 'name': 'Helena A.'}}","{'id': 'tlVLH_JgF94FWA_hzhl4_Q', 'url': 'https://www.yelp.com/biz/rubirosa-new-york-2?adjust_creative=VYGm0sk0aHdKKGyXs5PMrA&hrid=tlVLH_JgF94FWA_hzhl4_Q&utm_campaign=yelp_api_v3&utm_medium=api_v3_business_reviews&utm_source=VYGm0sk0aHdKKGyXs5PMrA', 'text': 'Always a great time here! Amazing service and even better food. \n\nThere was no wait on a Wednesday at 9PM. Stark contrast to preCovid with a minimum 1.5...', 'rating': 5, 'time_created': '2021-03-06 17:41:43', 'user': {'id': 'SYJzu_zmWTKwVhWtMfGgtQ', 'profile_url': 'https://www.yelp.com/user_details?userid=SYJzu_zmWTKwVhWtMfGgtQ', 'image_url': 'https://s3-media3.fl.yelpcdn.com/photo/0U_ITC99BJH1lMFGSJqKlg/o.jpg', 'name': 'Anna D.'}}"
"{'id': 'D6ioIjyvPv9qd9pg4Z0Mbw', 'url': 'https://www.yelp.com/biz/1803-new-york?adjust_creative=VYGm0sk0aHdKKGyXs5PMrA&hrid=D6ioIjyvPv9qd9pg4Z0Mbw&utm_campaign=yelp_api_v3&utm_medium=api_v3_business_reviews&utm_source=VYGm0sk0aHdKKGyXs5PMrA', 'text': 'Staying in TriBeCa for a few days because a staycation always does the trick!! I googled restaurants in the area and stumbled upon 1803. Sooooo glad I...', 'rating': 5, 'time_created': '2021-05-05 08:00:07', 'user': {'id': 'Xu1aIhD9oyjXXRDBjsnkiw', 'profile_url': 'https://www.yelp.com/user_details?userid=Xu1aIhD9oyjXXRDBjsnkiw', 'image_url': 'https://s3-media1.fl.yelpcdn.com/photo/MuBdB2mqnVlBOhn-lHeAgg/o.jpg', 'name': 'Brent L.'}}","{'id': 'fIjNBCMSZa1BNa6qTrC8LA', 'url': 'https://www.yelp.com/biz/1803-new-york?adjust_creative=VYGm0sk0aHdKKGyXs5PMrA&hrid=fIjNBCMSZa1BNa6qTrC8LA&utm_campaign=yelp_api_v3&utm_medium=api_v3_business_reviews&utm_source=VYGm0sk0aHdKKGyXs5PMrA', 'text': ""I found this place through a NYC Groupon-type company (Pulse, pre-Covid) and I haven't looked back since. \n\nIt's an understatement to say *I LOVE New..."", 'rating': 5, 'time_created': '2021-04-30 11:48:30', 'user': {'id': 'FndyT0pHfFNW9E6-JY_ZLg', 'profile_url': 'https://www.yelp.com/user_details?userid=FndyT0pHfFNW9E6-JY_ZLg', 'image_url': 'https://s3-media2.fl.yelpcdn.com/photo/lsRr5waTen6qXgDKZWyYnQ/o.jpg', 'name': 'Kelsey H.'}}","{'id': 'QBEvLzJAf9WwIU5VeGM0DQ', 'url': 'https://www.yelp.com/biz/1803-new-york?adjust_creative=VYGm0sk0aHdKKGyXs5PMrA&hrid=QBEvLzJAf9WwIU5VeGM0DQ&utm_campaign=yelp_api_v3&utm_medium=api_v3_business_reviews&utm_source=VYGm0sk0aHdKKGyXs5PMrA', 'text': 'My friend and I booked a reservation for this spot for dinner, but we got hungry earlier. We were walking in the area, so we stopped by to ask if we could...', 'rating': 5, 'time_created': '2021-02-25 10:43:34', 'user': {'id': '6nhZakiWSinWUu-NLOmmzw', 'profile_url': 'https://www.yelp.com/user_details?userid=6nhZakiWSinWUu-NLOmmzw', 'image_url': 'https://s3-media1.fl.yelpcdn.com/photo/RpGdNWgxBtMBNWqLJlttwQ/o.jpg', 'name': 'Li-Li W.'}}"
"{'id': 'QHtZmbcZE2OsR99_74yBtw', 'url': 'https://www.yelp.com/biz/wah-fung-no-1-new-york-2?adjust_creative=VYGm0sk0aHdKKGyXs5PMrA&hrid=QHtZmbcZE2OsR99_74yBtw&utm_campaign=yelp_api_v3&utm_medium=api_v3_business_reviews&utm_source=VYGm0sk0aHdKKGyXs5PMrA', 'text': ""Wah Fung is certainly #1 in lines! I feel during the pandemic, lines have gotten longer. Don't fret, it's never too crazy a wait. Though we had an awesome..."", 'rating': 5, 'time_created': '2021-05-27 11:23:08', 'user': {'id': 'g9fb9xwV9299kImBKR5DQQ', 'profile_url': 'https://www.yelp.com/user_details?userid=g9fb9xwV9299kImBKR5DQQ', 'image_url': 'https://s3-media4.fl.yelpcdn.com/photo/S9p-k_8BqwiG6bHfK-l12g/o.jpg', 'name': 'Katie L.'}}","{'id': 'C3mJBC78fSYjJLPcFJevsg', 'url': 'https://www.yelp.com/biz/wah-fung-no-1-new-york-2?adjust_creative=VYGm0sk0aHdKKGyXs5PMrA&hrid=C3mJBC78fSYjJLPcFJevsg&utm_campaign=yelp_api_v3&utm_medium=api_v3_business_reviews&utm_source=VYGm0sk0aHdKKGyXs5PMrA', 'text': ""Wah Fung is a tiny place in Chinatown known for their Chinese style BBQ. It's cheap and delicious. What's not to like?\n\nThe classic is the BBQ pork which is..."", 'rating': 5, 'time_created': '2021-04-23 06:43:32', 'user': {'id': '-xUg8J3X1DWg4f3I6WumHg', 'profile_url': 'https://www.yelp.com/user_details?userid=-xUg8J3X1DWg4f3I6WumHg', 'image_url': 'https://s3-media3.fl.yelpcdn.com/photo/sXqE3GaW0VXzWq1ybfAMPw/o.jpg', 'name': 'Eric K.'}}","{'id': '313YQ4DBe31RPHXb8DMjzw', 'url': 'https://www.yelp.com/biz/wah-fung-no-1-new-york-2?adjust_creative=VYGm0sk0aHdKKGyXs5PMrA&hrid=313YQ4DBe31RPHXb8DMjzw&utm_campaign=yelp_api_v3&utm_medium=api_v3_business_reviews&utm_source=VYGm0sk0aHdKKGyXs5PMrA', 'text': 'Quick, cheap and delicious food -what more can you ask for in New York City? \n\nMy friend and I came on a Saturday afternoon around 1 PM. The line stretched...', 'rating': 5, 'time_created': '2021-04-21 15:47:27', 'user': {'id': 'ebtpi5qpypOVYaUgT5aEwA', 'profile_url': 'https://www.yelp.com/user_details?userid=ebtpi5qpypOVYaUgT5aEwA', 'image_url': 'https://s3-media1.fl.yelpcdn.com/photo/sD0FoQEgPKfFsBaK59qTAw/o.jpg', 'name': 'Deborah W.'}}"
"{'id': '-X4nk5Hh4nfrwAMEuCMR2g', 'url': 'https://www.yelp.com/biz/kong-sihk-tong-%E6%B8%AF%E9%A3%9F%E5%A0%82-new-york?adjust_creative=VYGm0sk0aHdKKGyXs5PMrA&hrid=-X4nk5Hh4nfrwAMEuCMR2g&utm_campaign=yelp_api_v3&utm_medium=api_v3_business_reviews&utm_source=VYGm0sk0aHdKKGyXs5PMrA', 'text': 'First time gong to Kong Sihk Tong in Chinatown and had overall a great experience. There is a clear barrier between all the tables when I ate indoors today....', 'rating': 5, 'time_created': '2021-06-08 13:22:16', 'user': {'id': '1HEdIZYOHiTVKaWzM2puVg', 'profile_url': 'https://www.yelp.com/user_details?userid=1HEdIZYOHiTVKaWzM2puVg', 'image_url': 'https://s3-media1.fl.yelpcdn.com/photo/fZ0fVloP0T6jN2e8Lo0x5A/o.jpg', 'name': 'David M.'}}","{'id': 'hjZNt_CuvtwSh63W4y55KQ', 'url': 'https://www.yelp.com/biz/kong-sihk-tong-%E6%B8%AF%E9%A3%9F%E5%A0%82-new-york?adjust_creative=VYGm0sk0aHdKKGyXs5PMrA&hrid=hjZNt_CuvtwSh63W4y55KQ&utm_campaign=yelp_api_v3&utm_medium=api_v3_business_reviews&utm_source=VYGm0sk0aHdKKGyXs5PMrA', 'text': ""I've been to Kong Shik Tong for outdoor dining back in September and came here recently on a Saturday night around 8 PM for takeout. \n\nThe outdoor dining..."", 'rating': 5, 'time_created': '2021-02-01 07:56:28', 'user': {'id': 'ebtpi5qpypOVYaUgT5aEwA', 'profile_url': 'https://www.yelp.com/user_details?userid=ebtpi5qpypOVYaUgT5aEwA', 'image_url': 'https://s3-media1.fl.yelpcdn.com/photo/sD0FoQEgPKfFsBaK59qTAw/o.jpg', 'name': 'Deborah W.'}}","{'id': 'wYSl-8oC3CI5hNK10ndYJQ', 'url': 'https://www.yelp.com/biz/kong-sihk-tong-%E6%B8%AF%E9%A3%9F%E5%A0%82-new-york?adjust_creative=VYGm0sk0aHdKKGyXs5PMrA&hrid=wYSl-8oC3CI5hNK10ndYJQ&utm_campaign=yelp_api_v3&utm_medium=api_v3_business_reviews&utm_source=VYGm0sk0aHdKKGyXs5PMrA', 'text': 'A long awaited rendezvous of recently vaccinated friends and a desire to support Chinatown businesses and the AAPI community brought us to Kong Sihk Tong....', 'rating': 5, 'time_created': '2021-04-08 05:32:52', 'user': {'id': '5OeEA67G0hJWkE2InqiUaw', 'profile_url': 'https://www.yelp.com/user_details?userid=5OeEA67G0hJWkE2InqiUaw', 'image_url': 'https://s3-media4.fl.yelpcdn.com/photo/kerC1pg5b6Cv1qQVSXbe7Q/o.jpg', 'name': 'Will V.'}}"
"{'id': '5VibQY9y7nuTPVmFvmSODw', 'url': 'https://www.yelp.com/biz/root-and-bone-new-york?adjust_creative=VYGm0sk0aHdKKGyXs5PMrA&hrid=5VibQY9y7nuTPVmFvmSODw&utm_campaign=yelp_api_v3&utm_medium=api_v3_business_reviews&utm_source=VYGm0sk0aHdKKGyXs5PMrA', 'text': ""I have not one CLUE why I haven't been to this place before, I've always walked around this area and visited other restaurant on this side of town but I've..."", 'rating': 5, 'time_created': '2021-05-07 19:11:59', 'user': {'id': 'v39dHe0PVJ5e1CdPJT139Q', 'profile_url': 'https://www.yelp.com/user_details?userid=v39dHe0PVJ5e1CdPJT139Q', 'image_url': 'https://s3-media4.fl.yelpcdn.com/photo/T0y3OOFC4MUpXyQ0u77_Qw/o.jpg', 'name': 'Teffaney D.'}}","{'id': 'etX_PG9kqjuC-o7pALMi3g', 'url': 'https://www.yelp.com/biz/root-and-bone-new-york?adjust_creative=VYGm0sk0aHdKKGyXs5PMrA&hrid=etX_PG9kqjuC-o7pALMi3g&utm_campaign=yelp_api_v3&utm_medium=api_v3_business_reviews&utm_source=VYGm0sk0aHdKKGyXs5PMrA', 'text': 'One of my favorite southern spots in the city. Great atmosphere, amazing food, and not overpriced. Love bringing friends from out of town here for brunch...', 'rating': 5, 'time_created': '2021-06-10 15:33:10', 'user': {'id': 'fCpFeFC6XyTjhkxPb6WzdA', 'profile_url': 'https://www.yelp.com/user_details?userid=fCpFeFC6XyTjhkxPb6WzdA', 'image_url': 'https://s3-media3.fl.yelpcdn.com/photo/n-9DqrZ8wfWSwGQv2oY76w/o.jpg', 'name': 'Courtney P.'}}","{'id': 'zj2vTF-DXW33T3m7pT1BUA', 'url': 'https://www.yelp.com/biz/root-and-bone-new-york?adjust_creative=VYGm0sk0aHdKKGyXs5PMrA&hrid=zj2vTF-DXW33T3m7pT1BUA&utm_campaign=yelp_api_v3&utm_medium=api_v3_business_reviews&utm_source=VYGm0sk0aHdKKGyXs5PMrA', 'text': 'Root & Bone is my favorite chicken and waffle spot in NYC.  I came here with two of my best friends on a Saturday afternoon. As we step in, the hostess took...', 'rating': 4, 'time_created': '2020-11-22 19:06:47', 'user': {'id': 'O0WcQfj_R5GLGTIyKSpfWg', 'profile_url': 'https://www.yelp.com/user_details?userid=O0WcQfj_R5GLGTIyKSpfWg', 'image_url': 'https://s3-media3.fl.yelpcdn.com/photo/Ne5Afwt9wvzj_R23kH7TqQ/o.jpg', 'name': 'Christy Y.'}}"
"{'id': 'TSgRDFCqvVgI0RdkvmYCog', 'url': 'https://www.yelp.com/biz/city-vineyard-new-york?adjust_creative=VYGm0sk0aHdKKGyXs5PMrA&hrid=TSgRDFCqvVgI0RdkvmYCog&utm_campaign=yelp_api_v3&utm_medium=api_v3_business_reviews&utm_source=VYGm0sk0aHdKKGyXs5PMrA', 'text': 'So worth the wait and truly exceptional service. Food was really good and very pleased all around. You will be told there is a table time limit due to their...', 'rating': 5, 'time_created': '2021-01-23 11:07:56', 'user': {'id': 'gWciIctev_h4nBH7zqS57w', 'profile_url': 'https://www.yelp.com/user_details?userid=gWciIctev_h4nBH7zqS57w', 'image_url': 'https://s3-media1.fl.yelpcdn.com/photo/GTnXK8uj3sODZnQxgRrZFA/o.jpg', 'name': 'Julie T.'}}","{'id': 'k2N6Qz9Yr6NP970wTadc8A', 'url': 'https://www.yelp.com/biz/city-vineyard-new-york?adjust_creative=VYGm0sk0aHdKKGyXs5PMrA&hrid=k2N6Qz9Yr6NP970wTadc8A&utm_campaign=yelp_api_v3&utm_medium=api_v3_business_reviews&utm_source=VYGm0sk0aHdKKGyXs5PMrA', 'text': 'Came here for brunch yesterday and had a good time. We had a reservation for 3 and were able to add a person last minute to our table with no issues.\n\nWe...', 'rating': 5, 'time_created': '2020-11-09 06:16:39', 'user': {'id': 'NqFWStKdbuNG3oY1NuewdQ', 'profile_url': 'https://www.yelp.com/user_details?userid=NqFWStKdbuNG3oY1NuewdQ', 'image_url': 'https://s3-media2.fl.yelpcdn.com/photo/QBSq8LQxBkDBUi7zMjAHsw/o.jpg', 'name': 'Mary K.'}}","{'id': 'Y8jp-zi_rjfyv3ngeJMwxQ', 'url': 'https://www.yelp.com/biz/city-vineyard-new-york?adjust_creative=VYGm0sk0aHdKKGyXs5PMrA&hrid=Y8jp-zi_rjfyv3ngeJMwxQ&utm_campaign=yelp_api_v3&utm_medium=api_v3_business_reviews&utm_source=VYGm0sk0aHdKKGyXs5PMrA', 'text': 'Decided to check this place out. Saw they had a great view of the Hudson and downtown. So came to try it out. First they take your temperature, ask you if...', 'rating': 5, 'time_created': '2020-09-13 16:48:52', 'user': {'id': 'tyc15XPFYjlW_gq25Tlztg', 'profile_url': 'https://www.yelp.com/user_details?userid=tyc15XPFYjlW_gq25Tlztg', 'image_url': 'https://s3-media1.fl.yelpcdn.com/photo/eHv60jmQY0jXSaIWnpGN7Q/o.jpg', 'name': 'Gus R.'}}"
"{'id': 'JvsVuW4Qh2BEqHnjphnaxQ', 'url': 'https://www.yelp.com/biz/rosies-new-york-2?adjust_creative=VYGm0sk0aHdKKGyXs5PMrA&hrid=JvsVuW4Qh2BEqHnjphnaxQ&utm_campaign=yelp_api_v3&utm_medium=api_v3_business_reviews&utm_source=VYGm0sk0aHdKKGyXs5PMrA', 'text': 'Beautiful Mexican restaurant! \n\nVery spacious and colorful interior with lots of seating indoors and outdoors. Has a mini bar in the corner and very clean...', 'rating': 4, 'time_created': '2021-06-06 19:59:36', 'user': {'id': 'Sg6wdEfNcIGAkNa2GqYc0w', 'profile_url': 'https://www.yelp.com/user_details?userid=Sg6wdEfNcIGAkNa2GqYc0w', 'image_url': 'https://s3-media1.fl.yelpcdn.com/photo/9zwi97znpJ68X9SMZ8Yx_w/o.jpg', 'name': 'Sannah S.'}}","{'id': 'ds6tnlZK44ZXLQQ5e7V8GQ', 'url': 'https://www.yelp.com/biz/rosies-new-york-2?adjust_creative=VYGm0sk0aHdKKGyXs5PMrA&hrid=ds6tnlZK44ZXLQQ5e7V8GQ&utm_campaign=yelp_api_v3&utm_medium=api_v3_business_reviews&utm_source=VYGm0sk0aHdKKGyXs5PMrA', 'text': 'Let me tell you about this place.\n\n\n\nI had originally wanted to go to Blue Ribbon down 2nd Ave but they only accepted cash which was the dude at the front...', 'rating': 5, 'time_created': '2021-05-12 15:59:50', 'user': {'id': 'AXekCOdgb5IeRQmcBRZ6NQ', 'profile_url': 'https://www.yelp.com/user_details?userid=AXekCOdgb5IeRQmcBRZ6NQ', 'image_url': 'https://s3-media1.fl.yelpcdn.com/photo/1Etl0P6sQ2_HIG3KWZlgxg/o.jpg', 'name': 'Andrew A.'}}","{'id': '0X5-Xo_WG1tXOpxdceyJIw', 'url': 'https://www.yelp.com/biz/rosies-new-york-2?adjust_creative=VYGm0sk0aHdKKGyXs5PMrA&hrid=0X5-Xo_WG1tXOpxdceyJIw&utm_campaign=yelp_api_v3&utm_medium=api_v3_business_reviews&utm_source=VYGm0sk0aHdKKGyXs5PMrA', 'text': 'The Friday night dinner rush is officially back. We were on a mission to find a decently rated place around the west village with the shortest wait time....', 'rating': 4, 'time_created': '2021-04-03 16:13:16', 'user': {'id': 'mWcS4rFDDJOVMVuER-Cqzw', 'profile_url': 'https://www.yelp.com/user_details?userid=mWcS4rFDDJOVMVuER-Cqzw', 'image_url': 'https://s3-media3.fl.yelpcdn.com/photo/D6rhNJRCfpv7P0_G2LfAIw/o.jpg', 'name': 'Emily P.'}}"
"{'id': 'DXpJ4m-MA_yLw1NMTnUL1w', 'url': 'https://www.yelp.com/biz/lovemama-new-york?adjust_creative=VYGm0sk0aHdKKGyXs5PMrA&hrid=DXpJ4m-MA_yLw1NMTnUL1w&utm_campaign=yelp_api_v3&utm_medium=api_v3_business_reviews&utm_source=VYGm0sk0aHdKKGyXs5PMrA', 'text': 'You would be dumb to not get food here. If you care about fine dining experience with bright lights and servers in tuxedos, go waste your money elsewhere....', 'rating': 5, 'time_created': '2021-05-29 16:31:15', 'user': {'id': 'hy4eo8eRfuxjoFtye4W6vw', 'profile_url': 'https://www.yelp.com/user_details?userid=hy4eo8eRfuxjoFtye4W6vw', 'image_url': 'https://s3-media2.fl.yelpcdn.com/photo/EIZTLpA5QXOOK1zCLxUChA/o.jpg', 'name': 'Chris W.'}}","{'id': 'qcz88pLH91L8pIqQ14DziA', 'url': 'https://www.yelp.com/biz/lovemama-new-york?adjust_creative=VYGm0sk0aHdKKGyXs5PMrA&hrid=qcz88pLH91L8pIqQ14DziA&utm_campaign=yelp_api_v3&utm_medium=api_v3_business_reviews&utm_source=VYGm0sk0aHdKKGyXs5PMrA', 'text': 'THIS PLACE IS HALAL! My favorite here is the chicken lemongrass which was given with white rice. Thai tea was also a good balance of not too sweet and not...', 'rating': 5, 'time_created': '2021-02-21 20:02:05', 'user': {'id': 'j46y0V2-Vynw0R8TlMVCqQ', 'profile_url': 'https://www.yelp.com/user_details?userid=j46y0V2-Vynw0R8TlMVCqQ', 'image_url': 'https://s3-media3.fl.yelpcdn.com/photo/PqROA4fYKIINAXpdAht58Q/o.jpg', 'name': 'Sobia A.'}}","{'id': 'peQkWGvRAKjN6Cfy_M_dhw', 'url': 'https://www.yelp.com/biz/lovemama-new-york?adjust_creative=VYGm0sk0aHdKKGyXs5PMrA&hrid=peQkWGvRAKjN6Cfy_M_dhw&utm_campaign=yelp_api_v3&utm_medium=api_v3_business_reviews&utm_source=VYGm0sk0aHdKKGyXs5PMrA', 'text': 'have been here for my anniversary, meet up friends. Love this place, Foods are all good and service always so warm feeling like family. Was waiting for them...', 'rating': 5, 'time_created': '2021-03-20 10:09:59', 'user': {'id': 'diSVE8c8DnbjiQ_JOMv5Hw', 'profile_url': 'https://www.yelp.com/user_details?userid=diSVE8c8DnbjiQ_JOMv5Hw', 'image_url': 'https://s3-media2.fl.yelpcdn.com/photo/-IdqOyEjBUEyMWT_l5Lt_Q/o.jpg', 'name': 'Sam C.'}}"
"{'id': 'ngMCbNOfNJlVOOROAJTuLw', 'url': 'https://www.yelp.com/biz/the-wild-son-new-york?adjust_creative=VYGm0sk0aHdKKGyXs5PMrA&hrid=ngMCbNOfNJlVOOROAJTuLw&utm_campaign=yelp_api_v3&utm_medium=api_v3_business_reviews&utm_source=VYGm0sk0aHdKKGyXs5PMrA', 'text': 'Such great cocktails, good service (shoutout to the waitress that swatted a wasp away from my drink when I was too scared to do it myself...smh), and a...', 'rating': 5, 'time_created': '2020-09-14 11:31:19', 'user': {'id': 'PrioZ6UL7liEWQRmNtgq6w', 'profile_url': 'https://www.yelp.com/user_details?userid=PrioZ6UL7liEWQRmNtgq6w', 'image_url': 'https://s3-media2.fl.yelpcdn.com/photo/knyA1zcNQPe_BwW5Q3QM0w/o.jpg', 'name': 'Kaley R.'}}","{'id': 'TrGvPx7gKAgNe6hz-9dqhA', 'url': 'https://www.yelp.com/biz/the-wild-son-new-york?adjust_creative=VYGm0sk0aHdKKGyXs5PMrA&hrid=TrGvPx7gKAgNe6hz-9dqhA&utm_campaign=yelp_api_v3&utm_medium=api_v3_business_reviews&utm_source=VYGm0sk0aHdKKGyXs5PMrA', 'text': 'We had a great time at the Wild Son. The service was great and the table we received was perfect for the weather. We had the pancakes, brisket sandwich and...', 'rating': 5, 'time_created': '2020-12-31 11:37:52', 'user': {'id': '19q3fXzdsW9jMOIZb-TjSw', 'profile_url': 'https://www.yelp.com/user_details?userid=19q3fXzdsW9jMOIZb-TjSw', 'image_url': 'https://s3-media3.fl.yelpcdn.com/photo/wKBfMTU4GDiWx3uGEL_PEA/o.jpg', 'name': 'Robert B.'}}","{'id': '99e06OALARP6WM67qjLj6w', 'url': 'https://www.yelp.com/biz/the-wild-son-new-york?adjust_creative=VYGm0sk0aHdKKGyXs5PMrA&hrid=99e06OALARP6WM67qjLj6w&utm_campaign=yelp_api_v3&utm_medium=api_v3_business_reviews&utm_source=VYGm0sk0aHdKKGyXs5PMrA', 'text': ""These guys used to be around the corner from Chelsea Market but relocated to East Village during the pandemic to a much larger space. I've only been here..."", 'rating': 5, 'time_created': '2020-08-22 21:06:20', 'user': {'id': 'g5MwkkudDfR6_I3o1SsmiQ', 'profile_url': 'https://www.yelp.com/user_details?userid=g5MwkkudDfR6_I3o1SsmiQ', 'image_url': 'https://s3-media4.fl.yelpcdn.com/photo/e1USmvBzKfTx4czwjAQCkA/o.jpg', 'name': 'Jordan J.'}}"
"{'id': '3o4Q3ssJpU_wlCxSwSszoQ', 'url': 'https://www.yelp.com/biz/upstate-craft-beer-and-oyster-bar-new-york-4?adjust_creative=VYGm0sk0aHdKKGyXs5PMrA&hrid=3o4Q3ssJpU_wlCxSwSszoQ&utm_campaign=yelp_api_v3&utm_medium=api_v3_business_reviews&utm_source=VYGm0sk0aHdKKGyXs5PMrA', 'text': 'Sat outside at night which is a little dark but nice and spread out with room between tables! I would suggest reservations because I saw several walk ups...', 'rating': 5, 'time_created': '2020-09-03 06:13:13', 'user': {'id': 'WoHMiiE11ww9EFph1hkpPQ', 'profile_url': 'https://www.yelp.com/user_details?userid=WoHMiiE11ww9EFph1hkpPQ', 'image_url': 'https://s3-media2.fl.yelpcdn.com/photo/oHiPU7D2aws24rDm-_XqMQ/o.jpg', 'name': 'Mandy N.'}}","{'id': 'KjB9arsh3kVeySYBPm7boQ', 'url': 'https://www.yelp.com/biz/upstate-craft-beer-and-oyster-bar-new-york-4?adjust_creative=VYGm0sk0aHdKKGyXs5PMrA&hrid=KjB9arsh3kVeySYBPm7boQ&utm_campaign=yelp_api_v3&utm_medium=api_v3_business_reviews&utm_source=VYGm0sk0aHdKKGyXs5PMrA', 'text': 'I love this place for happy hour. They have a pretty good deal of happy hour -oysters + wine or beer for less than $15. They have a cute outdoor seatings...', 'rating': 5, 'time_created': '2021-04-20 23:08:12', 'user': {'id': 'GWdfas6tZca-uam_KNPmLw', 'profile_url': 'https://www.yelp.com/user_details?userid=GWdfas6tZca-uam_KNPmLw', 'image_url': 'https://s3-media4.fl.yelpcdn.com/photo/lyvsXWRi5a_mjV2HAXmZXA/o.jpg', 'name': 'Suzumi A.'}}","{'id': '8fAZ0cygh9M3_bNSehZnOw', 'url': 'https://www.yelp.com/biz/upstate-craft-beer-and-oyster-bar-new-york-4?adjust_creative=VYGm0sk0aHdKKGyXs5PMrA&hrid=8fAZ0cygh9M3_bNSehZnOw&utm_campaign=yelp_api_v3&utm_medium=api_v3_business_reviews&utm_source=VYGm0sk0aHdKKGyXs5PMrA', 'text': 'I was totally craving oysters and so I was super happy to find out via yelp that Upstate was open for outdoor dining AND they were still doing the oyster...', 'rating': 5, 'time_created': '2020-08-03 19:45:25', 'user': {'id': 'L0ukYB-LVXqSrF8rRTakYQ', 'profile_url': 'https://www.yelp.com/user_details?userid=L0ukYB-LVXqSrF8rRTakYQ', 'image_url': 'https://s3-media2.fl.yelpcdn.com/photo/fgIMoBVuW-evnH6sZZzYtg/o.jpg', 'name': 'Christine A.'}}"
"{'id': '8qxE21bA6vHIf8r-PQIcSg', 'url': 'https://www.yelp.com/biz/5ive-spice-new-york-2?adjust_creative=VYGm0sk0aHdKKGyXs5PMrA&hrid=8qxE21bA6vHIf8r-PQIcSg&utm_campaign=yelp_api_v3&utm_medium=api_v3_business_reviews&utm_source=VYGm0sk0aHdKKGyXs5PMrA', 'text': ""Came here around 2pm on a Sunday and it wasn't super packed yet. Inside was almost full but we decided to sit outside since it was nice out; there was..."", 'rating': 5, 'time_created': '2021-05-23 14:19:56', 'user': {'id': 'lrJFvKqb6QoMrYJ6xrlInw', 'profile_url': 'https://www.yelp.com/user_details?userid=lrJFvKqb6QoMrYJ6xrlInw', 'image_url': 'https://s3-media1.fl.yelpcdn.com/photo/VM3YbLg-Qu-jjvc3tsJXFg/o.jpg', 'name': 'Michelle C.'}}","{'id': 'j5bgMfdCVZLOsCbQlLMrpA', 'url': 'https://www.yelp.com/biz/5ive-spice-new-york-2?adjust_creative=VYGm0sk0aHdKKGyXs5PMrA&hrid=j5bgMfdCVZLOsCbQlLMrpA&utm_campaign=yelp_api_v3&utm_medium=api_v3_business_reviews&utm_source=VYGm0sk0aHdKKGyXs5PMrA', 'text': 'As a self-proclaimed bahn mi fiend, I wholly approve of the bahn mi at 5ive spice! I came here during  a lovely Saturday afternoon when everyone and their...', 'rating': 5, 'time_created': '2021-05-11 22:53:55', 'user': {'id': 'OUZqZcwXR-WDkBR9L4GGwg', 'profile_url': 'https://www.yelp.com/user_details?userid=OUZqZcwXR-WDkBR9L4GGwg', 'image_url': 'https://s3-media1.fl.yelpcdn.com/photo/mSDItAbZrf7MfHbEY8CkLA/o.jpg', 'name': 'Wendy Y.'}}","{'id': 'RYP4KkebZnauWgMo6g6Hcw', 'url': 'https://www.yelp.com/biz/5ive-spice-new-york-2?adjust_creative=VYGm0sk0aHdKKGyXs5PMrA&hrid=RYP4KkebZnauWgMo6g6Hcw&utm_campaign=yelp_api_v3&utm_medium=api_v3_business_reviews&utm_source=VYGm0sk0aHdKKGyXs5PMrA', 'text': 'What a nice modern twist on Vietnamese cuisine. This place serves up their own versions of Vietnamese staples like pho, banh mi, goi cuon, bo luc luc then...', 'rating': 5, 'time_created': '2021-05-04 23:50:39', 'user': {'id': 'c1nxcvSI8wDjkij3hOutzw', 'profile_url': 'https://www.yelp.com/user_details?userid=c1nxcvSI8wDjkij3hOutzw', 'image_url': 'https://s3-media1.fl.yelpcdn.com/photo/9RgRLYky1OV6vxiXjO4Jig/o.jpg', 'name': 'Carrie C.'}}"
"{'id': 'EZa9BfwyNyAAK1pYrU9lSg', 'url': 'https://www.yelp.com/biz/kaikagetsu-nyc-new-york-2?adjust_creative=VYGm0sk0aHdKKGyXs5PMrA&hrid=EZa9BfwyNyAAK1pYrU9lSg&utm_campaign=yelp_api_v3&utm_medium=api_v3_business_reviews&utm_source=VYGm0sk0aHdKKGyXs5PMrA', 'text': 'Wow, fantastic place for a night out for somewhere to dine outdoors with Covid safety being taken very seriously. \n\nFirst thing I noticed that there was...', 'rating': 5, 'time_created': '2020-09-27 19:07:21', 'user': {'id': 'jofjOFK98mden__qITH7kw', 'profile_url': 'https://www.yelp.com/user_details?userid=jofjOFK98mden__qITH7kw', 'image_url': 'https://s3-media1.fl.yelpcdn.com/photo/FE205slQ4KCP6wXsSl__3g/o.jpg', 'name': 'Andrew C.'}}","{'id': 'QS-T08xCOytUczlb5RK_iA', 'url': 'https://www.yelp.com/biz/kaikagetsu-nyc-new-york-2?adjust_creative=VYGm0sk0aHdKKGyXs5PMrA&hrid=QS-T08xCOytUczlb5RK_iA&utm_campaign=yelp_api_v3&utm_medium=api_v3_business_reviews&utm_source=VYGm0sk0aHdKKGyXs5PMrA', 'text': 'What a wonderful on oasis of calm on Orchard St. You enter Kaikagetsu to a warm welcome and soothing decor with well spaced tables. This restaurant is the...', 'rating': 5, 'time_created': '2021-06-06 08:15:41', 'user': {'id': 'ZK0LjoP0GRkibdom-Cfv3A', 'profile_url': 'https://www.yelp.com/user_details?userid=ZK0LjoP0GRkibdom-Cfv3A', 'image_url': None, 'name': 'Michelle e.'}}","{'id': 'Vtzezf6JTvvn95DE5Wnaww', 'url': 'https://www.yelp.com/biz/kaikagetsu-nyc-new-york-2?adjust_creative=VYGm0sk0aHdKKGyXs5PMrA&hrid=Vtzezf6JTvvn95DE5Wnaww&utm_campaign=yelp_api_v3&utm_medium=api_v3_business_reviews&utm_source=VYGm0sk0aHdKKGyXs5PMrA', 'text': ""They have the best quarantine bento box! Not exaggerating.\n\nI had the Double Skewer and Tonkatsu Bento in a week ( yes I couldn't want to come back already..."", 'rating': 5, 'time_created': '2020-05-12 20:29:15', 'user': {'id': '3lODYQrvcGriv5Fc2JdPOQ', 'profile_url': 'https://www.yelp.com/user_details?userid=3lODYQrvcGriv5Fc2JdPOQ', 'image_url': 'https://s3-media3.fl.yelpcdn.com/photo/LOxfCqaTN68JwF19GfBl5g/o.jpg', 'name': 'Emi B.'}}"
"{'id': 'i9Ki69v-KKK1HMFveBdKzA', 'url': 'https://www.yelp.com/biz/cafe-mogador-brooklyn?adjust_creative=VYGm0sk0aHdKKGyXs5PMrA&hrid=i9Ki69v-KKK1HMFveBdKzA&utm_campaign=yelp_api_v3&utm_medium=api_v3_business_reviews&utm_source=VYGm0sk0aHdKKGyXs5PMrA', 'text': 'After 20 years in NYC, still my favorite restaurant (either location). Whenever I have someone visiting from out of town, I take them to Mogador. \n\nHowever,...', 'rating': 5, 'time_created': '2021-05-16 13:23:44', 'user': {'id': 'P38abrcre12IkKnGOWJNUQ', 'profile_url': 'https://www.yelp.com/user_details?userid=P38abrcre12IkKnGOWJNUQ', 'image_url': 'https://s3-media4.fl.yelpcdn.com/photo/u2kpDdhpV8K1KYh4IUsdXA/o.jpg', 'name': 'Patrick F.'}}","{'id': 'hrbRVm4MYR76CvfWeBuz8g', 'url': 'https://www.yelp.com/biz/cafe-mogador-brooklyn?adjust_creative=VYGm0sk0aHdKKGyXs5PMrA&hrid=hrbRVm4MYR76CvfWeBuz8g&utm_campaign=yelp_api_v3&utm_medium=api_v3_business_reviews&utm_source=VYGm0sk0aHdKKGyXs5PMrA', 'text': 'Romantic ? Yea the backyard is very nice, lights are dim with a candle\nLine out the door? Yes depending what time you come \nPandemic protocols met ? Yes!...', 'rating': 5, 'time_created': '2021-05-01 16:16:26', 'user': {'id': 'Wk6PRBf6dmCpt29Bp81Mxw', 'profile_url': 'https://www.yelp.com/user_details?userid=Wk6PRBf6dmCpt29Bp81Mxw', 'image_url': 'https://s3-media1.fl.yelpcdn.com/photo/8fz5OVxm6FkGwlk9tPtOww/o.jpg', 'name': 'Michelle T.'}}","{'id': '4F_MgfrgaJqeqLqhOGVnCQ', 'url': 'https://www.yelp.com/biz/cafe-mogador-brooklyn?adjust_creative=VYGm0sk0aHdKKGyXs5PMrA&hrid=4F_MgfrgaJqeqLqhOGVnCQ&utm_campaign=yelp_api_v3&utm_medium=api_v3_business_reviews&utm_source=VYGm0sk0aHdKKGyXs5PMrA', 'text': 'Such fresh and beautifully prepared food. We came in during Covid times and sat inside, trying to be as safe as possible. Ordered the middle eastern...', 'rating': 5, 'time_created': '2021-04-16 12:01:17', 'user': {'id': '9-_CPbm4FizEGsCKpMmatQ', 'profile_url': 'https://www.yelp.com/user_details?userid=9-_CPbm4FizEGsCKpMmatQ', 'image_url': 'https://s3-media2.fl.yelpcdn.com/photo/pAwgfjKFN5lKZZ8ERAyagA/o.jpg', 'name': 'Caroline D.'}}"
"{'id': 'mXJzYur-UA3vrHdicTpiIg', 'url': 'https://www.yelp.com/biz/pig-and-khao-new-york?adjust_creative=VYGm0sk0aHdKKGyXs5PMrA&hrid=mXJzYur-UA3vrHdicTpiIg&utm_campaign=yelp_api_v3&utm_medium=api_v3_business_reviews&utm_source=VYGm0sk0aHdKKGyXs5PMrA', 'text': 'A fantastic Filipino/Thai place with small plates (more tapas style). The food was delicious and service was great. Outdoor seating is properly spaced out...', 'rating': 4, 'time_created': '2021-06-06 09:12:26', 'user': {'id': '023vebA9iUjvDXfPgKWpXQ', 'profile_url': 'https://www.yelp.com/user_details?userid=023vebA9iUjvDXfPgKWpXQ', 'image_url': 'https://s3-media2.fl.yelpcdn.com/photo/WhbNGIIVR_omUL92UBvNRw/o.jpg', 'name': 'Sam A.'}}","{'id': 'Qpm_ddvs_vArVmkSAsirOg', 'url': 'https://www.yelp.com/biz/pig-and-khao-new-york?adjust_creative=VYGm0sk0aHdKKGyXs5PMrA&hrid=Qpm_ddvs_vArVmkSAsirOg&utm_campaign=yelp_api_v3&utm_medium=api_v3_business_reviews&utm_source=VYGm0sk0aHdKKGyXs5PMrA', 'text': ""I've been fortunate enough to visit Pig and Khao a couple times. The staff has always been accommodating - even during these crazy covid times, when outside..."", 'rating': 4, 'time_created': '2021-02-16 12:11:54', 'user': {'id': 'DXNaZwb7fSwtNR8Lb6Zp5A', 'profile_url': 'https://www.yelp.com/user_details?userid=DXNaZwb7fSwtNR8Lb6Zp5A', 'image_url': 'https://s3-media4.fl.yelpcdn.com/photo/VhNaw7qoOmUUqqxij_l5ow/o.jpg', 'name': 'Erica R.'}}","{'id': 'tGlsR50_xAP6NQ3cSD8k1g', 'url': 'https://www.yelp.com/biz/pig-and-khao-new-york?adjust_creative=VYGm0sk0aHdKKGyXs5PMrA&hrid=tGlsR50_xAP6NQ3cSD8k1g&utm_campaign=yelp_api_v3&utm_medium=api_v3_business_reviews&utm_source=VYGm0sk0aHdKKGyXs5PMrA', 'text': ""This is one of those places where I'm not sure how they've made so many bold flavors work all at once, but they made it work, and I am most definitely not..."", 'rating': 5, 'time_created': '2021-06-09 22:11:22', 'user': {'id': 'L3hvMPqLuG2OgmElO1XbqA', 'profile_url': 'https://www.yelp.com/user_details?userid=L3hvMPqLuG2OgmElO1XbqA', 'image_url': None, 'name': 'Jay W.'}}"
"{'id': 'gV3wwkZWQ6GvlfqpeFccrw', 'url': 'https://www.yelp.com/biz/boqueria-soho-new-york-2?adjust_creative=VYGm0sk0aHdKKGyXs5PMrA&hrid=gV3wwkZWQ6GvlfqpeFccrw&utm_campaign=yelp_api_v3&utm_medium=api_v3_business_reviews&utm_source=VYGm0sk0aHdKKGyXs5PMrA', 'text': 'Stopped in for Happy Hour when it was pouring down outside. Was seated quickly and they took down our address/temps for COVID precautions. \n\nGrilled octopus...', 'rating': 5, 'time_created': '2021-06-08 19:18:50', 'user': {'id': 'X5abPY3v40ah_OwQZl_grg', 'profile_url': 'https://www.yelp.com/user_details?userid=X5abPY3v40ah_OwQZl_grg', 'image_url': 'https://s3-media3.fl.yelpcdn.com/photo/61VTWxqWkemQiU2Dlxyf8w/o.jpg', 'name': 'Andrea D.'}}","{'id': 'BVUD6a4JQ-UPO7qn6Mp1uw', 'url': 'https://www.yelp.com/biz/boqueria-soho-new-york-2?adjust_creative=VYGm0sk0aHdKKGyXs5PMrA&hrid=BVUD6a4JQ-UPO7qn6Mp1uw&utm_campaign=yelp_api_v3&utm_medium=api_v3_business_reviews&utm_source=VYGm0sk0aHdKKGyXs5PMrA', 'text': 'This place is definitely one of the best tapas in New York! They have many locations, but I think soho is the best location. The inside is kind of dark and...', 'rating': 5, 'time_created': '2021-05-06 15:40:53', 'user': {'id': '7P1cNdw6pIogP574wRSlcQ', 'profile_url': 'https://www.yelp.com/user_details?userid=7P1cNdw6pIogP574wRSlcQ', 'image_url': 'https://s3-media2.fl.yelpcdn.com/photo/MdNXhYEwgn3O_UEKhomyFw/o.jpg', 'name': 'Shivina K.'}}","{'id': '8z4xZEsHaFNC7QZsadxz6w', 'url': 'https://www.yelp.com/biz/boqueria-soho-new-york-2?adjust_creative=VYGm0sk0aHdKKGyXs5PMrA&hrid=8z4xZEsHaFNC7QZsadxz6w&utm_campaign=yelp_api_v3&utm_medium=api_v3_business_reviews&utm_source=VYGm0sk0aHdKKGyXs5PMrA', 'text': 'Better and more fun than ever with both indoor and outdoor seating. The best place for tapas.', 'rating': 5, 'time_created': '2021-06-02 08:57:00', 'user': {'id': '9s7AurWtJa3iV_h-gN2QGQ', 'profile_url': 'https://www.yelp.com/user_details?userid=9s7AurWtJa3iV_h-gN2QGQ', 'image_url': 'https://s3-media1.fl.yelpcdn.com/photo/JS2sUQAPHex4C8EnEhXs1Q/o.jpg', 'name': 'Frank A.'}}"
